timestamp,phase,phase_time (mm:ss),entropy_total,entropy_ang,entropy_lin,est_error_ang,est_error_lin
2025-04-30 05:56:57,Phase 2,00:00,0.06327,0,0.21091,0.00734,0.00331
2025-04-30 05:56:58,Phase 2,00:01,0.06327,0,0.21091,0.13537,0.2198
2025-04-30 05:56:59,Phase 2,00:02,0.34468,0.27893,0.49809,0,-0.00422
2025-04-30 05:57:00,Phase 2,00:03,0.34468,0.27893,0.49809,0.00773,0.00099
2025-04-30 05:57:01,Phase 2,00:04,0.34468,0.27893,0.49809,0,0.00028
2025-04-30 05:57:02,Phase 2,00:05,0.03055,0,0.10182,-0.0178,-0.00064
2025-04-30 05:57:03,Phase 2,00:06,0.03055,0,0.10182,-0.01386,0.00464
2025-04-30 05:57:04,Phase 2,00:07,0.07127,0.10182,0,-0.01217,0.00124
2025-04-30 05:57:05,Phase 2,00:08,0.07127,0.10182,0,-0.00055,-0.00021
2025-04-30 05:57:06,Phase 2,00:09,0.07127,0.10182,0,0.00047,-0.00103
2025-04-30 05:57:07,Phase 2,00:10,0.07448,0.1064,0,-0.03075,0
2025-04-30 05:57:08,Phase 2,00:11,0.07448,0.1064,0,0,0
2025-04-30 05:57:09,Phase 2,00:12,0,0,0,-0.00453,0
2025-04-30 05:57:10,Phase 2,00:13,0,0,0,0.02748,-0.01511
2025-04-30 05:57:11,Phase 2,00:14,0,0,0,0.00029,-0.00484
2025-04-30 05:57:12,Phase 2,00:15,0.19083,0.20196,0.16485,-0.00171,0.00371
2025-04-30 05:57:13,Phase 2,00:16,0.19083,0.20196,0.16485,0,0
2025-04-30 05:57:14,Phase 2,00:17,0.22982,0.21091,0.27395,0,0
2025-04-30 05:57:15,Phase 2,00:18,0.22982,0.21091,0.27395,0.20851,0.0095
2025-04-30 05:57:16,Phase 2,00:19,0.22982,0.21091,0.27395,0,0.00456
2025-04-30 05:57:17,Phase 2,00:20,0.24077,0.30032,0.10182,0.07555,0.00218
2025-04-30 05:57:18,Phase 2,00:21,0.24077,0.30032,0.10182,0,0
2025-04-30 05:57:19,Phase 2,00:22,0.24483,0.26321,0.20196,0,0
2025-04-30 05:57:20,Phase 2,00:23,0.24483,0.26321,0.20196,0,0
2025-04-30 05:57:21,Phase 2,00:24,0.24483,0.26321,0.20196,0,0
2025-04-30 05:57:22,Phase 2,00:25,0,0,0,0,0
2025-04-30 05:57:23,Phase 2,00:26,0,0,0,0,0
2025-04-30 05:57:24,Phase 2,00:27,0,0,0,0,0
2025-04-30 05:57:25,Phase 2,00:28,0,0,0,0,0
2025-04-30 05:57:26,Phase 2,00:29,0,0,0,0,0
2025-04-30 05:57:27,Phase 2,00:30,0,0,0,0.16035,0
2025-04-30 05:57:28,Phase 2,00:31,0,0,0,0.00015,0
2025-04-30 05:57:29,Phase 2,00:32,0.26196,0.37423,0,0,0
2025-04-30 05:57:30,Phase 2,00:33,0.26196,0.37423,0,0,0
2025-04-30 05:57:31,Phase 2,00:34,0.26196,0.37423,0,0,0
2025-04-30 05:57:32,Phase 2,00:35,0,0,0,0,0
2025-04-30 05:57:33,Phase 2,00:36,0,0,0,0,0
2025-04-30 05:57:34,Phase 2,00:37,0,0,0,0,0
2025-04-30 05:57:35,Phase 2,00:38,0,0,0,-0.00015,0
2025-04-30 05:57:36,Phase 2,00:39,0,0,0,0,0
2025-04-30 05:57:37,Phase 2,00:40,0,0,0,0,0
2025-04-30 05:57:38,Phase 2,00:41,0,0,0,0,0
2025-04-30 05:57:39,Phase 2,00:42,0,0,0,0,0
2025-04-30 05:57:40,Phase 2,00:43,0,0,0,0.02123,0.00531
2025-04-30 05:57:41,Phase 2,00:44,0,0,0,0.00698,0
2025-04-30 05:57:42,Phase 2,00:45,0.33832,0.39676,0.20196,0.05923,0.00855
2025-04-30 05:57:43,Phase 2,00:46,0.33832,0.39676,0.20196,-0.06002,-0.01094
2025-04-30 05:57:44,Phase 2,00:47,0.1064,0.1064,0.1064,0.16893,0.08085
2025-04-30 05:57:45,Phase 2,00:48,0.1064,0.1064,0.1064,0.08013,0.00274
2025-04-30 05:57:47,Phase 2,00:49,0.1064,0.1064,0.1064,0.00166,0
2025-04-30 05:57:48,Phase 2,00:50,0.45941,0.45403,0.47196,0,0
2025-04-30 05:57:49,Phase 2,00:51,0.45941,0.45403,0.47196,-0.05473,0.02161
2025-04-30 05:57:50,Phase 2,00:52,0.24483,0.26321,0.20196,0.01376,0.00048
2025-04-30 05:57:51,Phase 2,00:53,0.24483,0.26321,0.20196,0.01844,-0.01937
2025-04-30 05:57:52,Phase 2,00:54,0.19908,0.21091,0.20196,-0.03682,0.00387
2025-04-30 05:57:53,Phase 2,00:55,0.19908,0.21091,0.17148,0.00077,0.00692
2025-04-30 05:57:54,Phase 2,00:56,0.19908,0.21091,0.17148,0.0192,-0.00065
2025-04-30 05:57:55,Phase 2,00:57,0.34431,0.35965,0.30853,0.02108,0.01835
2025-04-30 05:57:56,Phase 2,00:58,0.34431,0.35965,0.30853,0.03441,0.01973
2025-04-30 05:57:57,Phase 2,00:59,0.34431,0.39773,0.30853,-0.02144,-0.00523
2025-04-30 05:57:58,Phase 2,01:00,0.36851,0.39773,0.30032,-0.06089,-0.00209
2025-04-30 05:57:59,Phase 2,01:01,0.36851,0.39773,0.30032,0.01417,-0.00133
2025-04-30 05:58:00,Phase 2,01:02,0.07448,0.1064,0,-0.00124,0
2025-04-30 05:58:01,Phase 2,01:03,0.07448,0.1064,0,0,0
2025-04-30 05:58:02,Phase 2,01:04,0.07448,0.1064,0,-0.02882,0
2025-04-30 05:58:03,Phase 2,01:05,0.07127,0.10182,0,-0.00205,0.00175
2025-04-30 05:58:04,Phase 2,01:06,0.07127,0.10182,0,0.00217,-0.05508
2025-04-30 05:58:05,Phase 2,01:07,0.24927,0.20196,0.35965,-0.01764,0.03189
2025-04-30 05:58:06,Phase 2,01:08,0.24927,0.20196,0.35965,-0.00067,0.00314
2025-04-30 05:58:07,Phase 2,01:09,0.24927,0.20196,0.35965,0.00457,-0.00985
2025-04-30 05:58:08,Phase 2,01:10,0.05144,0,0.17148,-7E-05,-0.00145
2025-04-30 05:58:09,Phase 2,01:11,0.05144,0,0.17148,-0.0013,0.00518
2025-04-30 05:58:10,Phase 2,01:12,0.10503,0.1064,0.10182,0.06166,-0.02196
2025-04-30 05:58:11,Phase 2,01:13,0.10503,0.1064,0.10182,0.00537,-0.00097
2025-04-30 05:58:12,Phase 2,01:14,0.10503,0.1064,0.10182,0,0
2025-04-30 05:58:13,Phase 2,01:15,0,0,0,0,0
2025-04-30 05:58:14,Phase 2,01:16,0,0,0,-5E-05,0.00108
2025-04-30 05:58:15,Phase 2,01:17,0,0,0,-0.02665,0.01557
2025-04-30 05:58:16,Phase 2,01:18,0,0,0,0.00029,-3E-05
2025-04-30 05:58:17,Phase 2,01:19,0,0,0,0.00117,-0.00142
2025-04-30 05:58:18,Phase 2,01:20,0,0,0,-0.02872,0.00248
2025-04-30 05:58:19,Phase 2,01:21,0,0,0,0.00394,-0.00313
2025-04-30 05:58:20,Phase 2,01:22,0.20795,0.16485,0.30853,0.00031,0.0002
2025-04-30 05:58:21,Phase 2,01:23,0.20795,0.16485,0.30853,0.07715,0.06125
2025-04-30 05:58:22,Phase 2,01:24,0.20795,0.16485,0.30853,-0.10537,-0.08828
2025-04-30 05:58:23,Phase 2,01:25,0.51173,0.52802,0.47371,0.03517,-0.05525
2025-04-30 05:58:24,Phase 2,01:26,0.51173,0.52802,0.47371,0.13604,0.1079
2025-04-30 05:58:25,Phase 2,01:27,0.4971,0.45403,0.59758,0.05444,-0.03185
2025-04-30 05:58:26,Phase 2,01:28,0.4971,0.45403,0.59758,0,0.00088
2025-04-30 05:58:27,Phase 2,01:29,0.4971,0.45403,0.59758,-0.06702,-0.01983
2025-04-30 05:58:28,Phase 2,01:30,0.28919,0.30032,0.26321,-0.18429,0.14045
2025-04-30 05:58:29,Phase 2,01:31,0.28919,0.30032,0.26321,-0.36526,-0.13015
2025-04-30 05:58:31,Phase 2,01:32,0.57334,0.61605,0.47371,0.11568,0.04474
2025-04-30 05:58:32,Phase 2,01:33,0.57334,0.61605,0.47371,0.04859,-0.0114
2025-04-30 05:58:33,Phase 2,01:34,0.57334,0.61605,0.47371,0.00402,0.02119
2025-04-30 05:58:34,Phase 2,01:35,0.48249,0.50907,0.42046,-0.0006,-0.1968
2025-04-30 05:58:35,Phase 2,01:36,0.48249,0.50907,0.42046,0.48512,-0.00047
2025-04-30 05:58:36,Phase 2,01:37,0.60641,0.63469,0.54042,0,0
2025-04-30 05:58:37,Phase 2,01:38,0.60641,0.63469,0.54042,0.49716,-0.02384
2025-04-30 05:58:38,Phase 2,01:39,0.60641,0.63469,0.54042,-0.6129,-0.15892
2025-04-30 05:58:39,Phase 2,01:40,0.60724,0.66514,0.47214,0.0957,0.06106
2025-04-30 05:58:40,Phase 2,01:41,0.60724,0.66514,0.47214,0.00738,0.01129
2025-04-30 05:58:41,Phase 2,01:42,0.58318,0.50907,0.7561,0.00642,0.02045
2025-04-30 05:58:42,Phase 2,01:43,0.58318,0.50907,0.7561,0.00052,0.00189
2025-04-30 05:58:43,Phase 2,01:44,0.58318,0.50907,0.7561,0.00716,-0.02638
2025-04-30 05:58:44,Phase 2,01:45,0.16137,0.10182,0.30032,-0.03471,0.02128
2025-04-30 05:58:45,Phase 2,01:46,0.16137,0.10182,0.30032,-0.01208,-0.00422
2025-04-30 05:58:46,Phase 2,01:47,0.38606,0.37423,0.41366,-0.03443,-0.0033
2025-04-30 05:58:47,Phase 2,01:48,0.38606,0.37423,0.41366,0.05889,0.04538
2025-04-30 05:58:48,Phase 2,01:49,0.38606,0.37423,0.41366,-0.03673,-0.04135
2025-04-30 05:58:49,Phase 2,01:50,0.36869,0.30853,0.50907,0,0.01744
2025-04-30 05:58:50,Phase 2,01:51,0.36869,0.30853,0.50907,0,-1E-05
2025-04-30 05:58:51,Phase 2,01:52,0.07896,0,0.26321,0,0.00323
2025-04-30 05:58:52,Phase 2,01:53,0.07896,0,0.26321,-0.12253,0.07978
2025-04-30 05:58:53,Phase 2,01:54,0.07896,0,0.26321,-0.00603,-0.00022
2025-04-30 05:58:54,Phase 2,01:55,0.4159,0.37423,0.51314,0,0.01233
2025-04-30 05:58:55,Phase 2,01:56,0.4159,0.37423,0.51314,-0.02424,0.03111
2025-04-30 05:58:56,Phase 2,01:57,0.29874,0.20196,0.52455,0.01173,-0.0023
2025-04-30 05:58:57,Phase 2,01:58,0.29874,0.20196,0.52455,-0.01856,-0.01291
2025-04-30 05:58:58,Phase 2,01:59,0.29874,0.20196,0.52455,0.01097,-0.05496
2025-04-30 05:58:59,Phase 2,02:00,0.38229,0.35965,0.43511,0.01938,-0.00277
2025-04-30 05:59:00,Phase 2,02:01,0.38229,0.35965,0.43511,0.05431,0.02893
2025-04-30 05:59:01,Phase 2,02:02,0.23593,0.21963,0.27395,0,7E-05
2025-04-30 05:59:02,Phase 2,02:03,0.23593,0.21963,0.27395,-0.00392,-0.00709
2025-04-30 05:59:03,Phase 2,02:04,0.23593,0.21963,0.27395,0.0296,0.00045
2025-04-30 05:59:04,Phase 2,02:05,0.16137,0.10182,0.30032,0.01403,0.00187
2025-04-30 05:59:05,Phase 2,02:06,0.16137,0.10182,0.30032,-0.00566,-0.00342
2025-04-30 05:59:06,Phase 2,02:07,0.07127,0.10182,0,-0.01852,-0.00787
2025-04-30 05:59:07,Phase 2,02:08,0.07127,0.10182,0,0.03423,0.01085
2025-04-30 05:59:08,Phase 2,02:09,0.07127,0.10182,0,-0.02106,-0.01059
2025-04-30 05:59:09,Phase 2,02:10,0,0,0,0.04429,0.00931
2025-04-30 05:59:10,Phase 2,02:11,0,0,0,-0.00821,0.01255
2025-04-30 05:59:11,Phase 2,02:12,0.43973,0.54163,0.20196,-0.1403,0.05937
2025-04-30 05:59:12,Phase 2,02:13,0.43973,0.54163,0.20196,0.08628,-0.04726
2025-04-30 05:59:13,Phase 2,02:14,0.43973,0.54163,0.20196,0.00261,-0.00031
2025-04-30 05:59:14,Phase 2,02:15,0.26342,0.20196,0.40683,0.00741,-0.00178
2025-04-30 05:59:15,Phase 2,02:16,0.26342,0.20196,0.40683,-0.02023,0.00618
2025-04-30 05:59:16,Phase 2,02:17,0.07448,0.1064,0,-0.01921,-0.00091
2025-04-30 05:59:17,Phase 2,02:18,0.07448,0.1064,0,-0.00109,0
2025-04-30 05:59:18,Phase 2,02:19,0.07448,0.1064,0,0.00745,-0.00022
2025-04-30 05:59:19,Phase 2,02:20,0.11539,0.16485,0,0.0048,0
2025-04-30 05:59:20,Phase 2,02:21,0.11539,0.16485,0,-0.00142,0
2025-04-30 05:59:21,Phase 2,02:22,0.07127,0.10182,0,0.0045,0.00063
2025-04-30 05:59:22,Phase 2,02:23,0.07127,0.10182,0,-0.00273,0.00362
2025-04-30 05:59:23,Phase 2,02:24,0.19176,0.10182,0,-0.01657,0.00804
2025-04-30 05:59:24,Phase 2,02:25,0.19176,0.27395,0,-0.00128,0.00016
2025-04-30 05:59:25,Phase 2,02:26,0.19176,0.27395,0,-0.05494,-0.00094
2025-04-30 05:59:26,Phase 2,02:27,0.07127,0.10182,0,0.01311,-0.0013
2025-04-30 05:59:28,Phase 2,02:28,0.07127,0.10182,0,0.00605,0.00025
2025-04-30 05:59:29,Phase 2,02:29,0.07127,0.10182,0,-0.00536,-0.00048
2025-04-30 05:59:30,Phase 2,02:30,0.11539,0.16485,0,0.0238,0.00063
2025-04-30 05:59:31,Phase 2,02:31,0.11539,0.16485,0,-0.03424,-0.00532
2025-04-30 05:59:32,Phase 2,02:32,0.1064,0.1064,0.1064,0.00483,0.00085
2025-04-30 05:59:33,Phase 2,02:33,0.1064,0.1064,0.1064,-0.03325,0.00609
2025-04-30 05:59:34,Phase 2,02:34,0.1064,0.1064,0.1064,-0.01948,-0.0214
2025-04-30 05:59:35,Phase 2,02:35,0.13186,0.10182,0.20196,-0.09492,0.05525
2025-04-30 05:59:36,Phase 2,02:36,0.13186,0.10182,0.20196,-0.00076,0.00049
2025-04-30 05:59:37,Phase 2,02:37,0.49746,0.45403,0.59878,-0.03442,-0.02484
2025-04-30 05:59:38,Phase 2,02:38,0.49746,0.45403,0.59878,0,0
2025-04-30 05:59:39,Phase 2,02:39,0.49746,0.45403,0.59878,-0.34595,0.13555
2025-04-30 05:59:40,Phase 2,02:40,0.27745,0.21091,0.4327,0.00395,0.00909
2025-04-30 05:59:41,Phase 2,02:41,0.27745,0.21091,0.4327,-0.06026,-0.06361
2025-04-30 05:59:42,Phase 2,02:42,0.54555,0.58477,0.45403,0,0.02483
2025-04-30 05:59:43,Phase 2,02:43,0.54555,0.58477,0.45403,0,-0.01738
2025-04-30 05:59:44,Phase 2,02:44,0.54555,0.30032,0.45403,0.02246,0.07705
2025-04-30 05:59:45,Phase 2,02:45,0.30032,0.30032,0.30032,-0.00676,0.00303
2025-04-30 05:59:46,Phase 2,02:46,0.30032,0.30032,0.30032,0.20038,0.03831
2025-04-30 05:59:47,Phase 2,02:47,0.25129,0.31338,0.1064,-0.00118,0.01082
2025-04-30 05:59:48,Phase 2,02:48,0.25129,0.31338,0.1064,-0.0013,0.00415
2025-04-30 05:59:49,Phase 2,02:49,0.25129,0.31338,0.1064,-0.00522,0.00019
2025-04-30 05:59:50,Phase 2,02:50,0.25111,0.20196,0.3658,-0.01873,0.01013
2025-04-30 05:59:51,Phase 2,02:51,0.25111,0.20196,0.3658,-0.00946,0.00385
2025-04-30 05:59:52,Phase 2,02:52,0.13186,0.10182,0.20196,0.0072,-0.00579
2025-04-30 05:59:53,Phase 2,02:53,0.13186,0.10182,0.20196,-0.00541,0.01693
2025-04-30 05:59:54,Phase 2,02:54,0.13186,0.10182,0.20196,-0.0541,0.08158
2025-04-30 05:59:55,Phase 2,02:55,0.06327,0,0.21091,0.23192,-0.06787
2025-04-30 05:59:56,Phase 2,02:56,0.06327,0,0.21091,0,-0.05867
2025-04-30 05:59:57,Phase 2,02:57,0.6305,0.6305,0.6305,0.0531,-0.01417
2025-04-30 05:59:58,Phase 2,02:58,0.6305,0.6305,0.6305,-0.07398,-0.02936
2025-04-30 05:59:59,Phase 2,02:59,0.6305,0.35965,0.6305,-0.00419,-0.00869
2025-04-30 06:00:00,Phase 2,03:00,0.2823,0.35965,0.10182,0.08473,0.00623
2025-04-30 06:00:01,Phase 2,03:01,0.2823,0.35965,0.10182,-0.00021,0
2025-04-30 06:00:02,Phase 2,03:02,0.29388,0.37423,0.1064,0.04803,0.03235
2025-04-30 06:00:03,Phase 2,03:03,0.29388,0.37423,0.1064,-0.00182,-0.00103
2025-04-30 06:00:04,Phase 2,03:04,0.29388,0.37423,0.1064,0,0
2025-04-30 06:00:05,Phase 2,03:05,0.11539,0.16485,0,0,0
2025-04-30 06:00:06,Phase 2,03:06,0.11539,0.16485,0,-0.00092,-0.00018
2025-04-30 06:00:07,Phase 2,03:07,0,0,0,-0.00426,-0.00095
2025-04-30 06:00:08,Phase 2,03:08,0,0,0,-0.0427,-0.00509
2025-04-30 06:00:09,Phase 2,03:09,0,0,0,0,0
2025-04-30 06:00:10,Phase 2,03:10,0,0,0,0.01442,-0.00401
2025-04-30 06:00:11,Phase 2,03:11,0,0,0,0.00175,0.00077
2025-04-30 06:00:12,Phase 2,03:12,0.11539,0.16485,0,-0.00021,0.00016
2025-04-30 06:00:13,Phase 2,03:13,0.11539,0.16485,0,-0.00397,0.00873
2025-04-30 06:00:15,Phase 2,03:14,0.11539,0.16485,0,-0.00034,-0.00423
2025-04-30 06:00:16,Phase 2,03:15,0,0,0,-0.0005,0.00019
2025-04-30 06:00:17,Phase 2,03:16,0,0,0,0.10656,-0.05413
2025-04-30 06:00:18,Phase 2,03:17,0.21091,0.21091,0.21091,-0.00073,-0.00123
2025-04-30 06:00:19,Phase 2,03:18,0.21091,0.21091,0.21091,0.00229,-0.00031
2025-04-30 06:00:20,Phase 2,03:19,0.21091,0.21091,0,0.00238,-0.00102
2025-04-30 06:00:21,Phase 2,03:20,0,0,0,0,0
2025-04-30 06:00:22,Phase 2,03:21,0,0,0,0.07368,-0.00926
2025-04-30 06:00:23,Phase 2,03:22,0.28637,0.32254,0.20196,-0.00649,5E-05
2025-04-30 06:00:24,Phase 2,03:23,0.28637,0.32254,0.20196,-0.00453,0.00087
2025-04-30 06:00:25,Phase 2,03:24,0.28637,0.32254,0.20196,-0.01551,-0.00022
2025-04-30 06:00:26,Phase 2,03:25,0.15195,0.17148,0.1064,0.00415,0
2025-04-30 06:00:27,Phase 2,03:26,0.15195,0.17148,0.1064,0.02477,0.0325
2025-04-30 06:00:28,Phase 2,03:27,0.14137,0.20196,0,-0.02635,-0.08801
2025-04-30 06:00:29,Phase 2,03:28,0.14137,0.20196,0,0.06,-0.00578
2025-04-30 06:00:30,Phase 2,03:29,0.14137,0.20196,0,-0.00739,-0.01208
2025-04-30 06:00:31,Phase 2,03:30,0.41692,0.41692,0.41692,0,-0.00305
2025-04-30 06:00:32,Phase 2,03:31,0.41692,0.41692,0.41692,0.00801,0.00502
2025-04-30 06:00:33,Phase 2,03:32,0.30403,0.27395,0.37423,-0.03925,0
2025-04-30 06:00:34,Phase 2,03:33,0.30403,0.27395,0.37423,-0.01168,0.00173
2025-04-30 06:00:35,Phase 2,03:34,0,0,0,0.00125,-0.00048
2025-04-30 06:00:36,Phase 2,03:35,0,0,0,0.35066,0.36033
2025-04-30 06:00:37,Phase 2,03:36,0,0,0,0.03306,0
2025-04-30 06:00:38,Phase 2,03:37,0.24927,0.20196,0.35965,-0.1395,0.01466
2025-04-30 06:00:39,Phase 2,03:38,0.24927,0.20196,0.35965,0.05475,0.02169
2025-04-30 06:00:40,Phase 2,03:39,0.17956,0.21091,0.1064,-0.00078,-0.00469
2025-04-30 06:00:41,Phase 2,03:40,0.17956,0.21091,0.1064,0.00138,-0.00059
2025-04-30 06:00:42,Phase 2,03:41,0.17956,0.21091,0.1064,0,-0.00565
2025-04-30 06:00:43,Phase 2,03:42,0.20196,0.20196,0.20196,0.01088,-0.00386
2025-04-30 06:00:44,Phase 2,03:43,0.20196,0.20196,0.20196,-0.01671,0.0078
2025-04-30 06:00:45,Phase 2,03:44,0.52804,0.20196,0.20196,-0.11105,0.04783
2025-04-30 06:00:46,Phase 2,03:45,0.52804,0.59758,0.3658,0.00558,-0.006
2025-04-30 06:00:47,Phase 2,03:46,0.52804,0.59758,0.3658,-0.01253,0.01146
2025-04-30 06:00:48,Phase 2,03:47,0.1064,0.1064,0.1064,0.00477,-0.01413
2025-04-30 06:00:50,Phase 2,03:48,0.1064,0.1064,0.1064,0,0
2025-04-30 06:00:51,Phase 2,03:49,0.1064,0.1064,0.1064,-0.04305,0.07452
2025-04-30 06:00:52,Phase 2,03:50,0.32046,0.26321,0.45403,0.08184,0.03277
2025-04-30 06:00:53,Phase 2,03:51,0.32046,0.26321,0.45403,-0.11303,-0.05101
2025-04-30 06:00:54,Phase 2,03:52,0.63163,0.66762,0.54766,0,0
2025-04-30 06:00:55,Phase 2,03:53,0.63163,0.66762,0.54766,0.09085,-0.24097
2025-04-30 06:00:56,Phase 2,03:54,0.63163,0.66762,0.54766,0.09588,0.00355
2025-04-30 06:00:57,Phase 2,03:55,0.62788,0.61605,0.65548,0.06442,-0.02124
2025-04-30 06:00:58,Phase 2,03:56,0.62788,0.61605,0.65548,-0.00033,0.00081
2025-04-30 06:00:59,Phase 2,03:57,0.39676,0.39676,0.39676,-0.01593,-0.16373
2025-04-30 06:01:00,Phase 2,03:58,0.39676,0.39676,0.39676,0,0.00175
2025-04-30 06:01:01,Phase 2,03:59,0.39676,0.39676,0.39676,0,0.00299
2025-04-30 06:01:02,Phase 2,04:00,0.58652,0.56167,0.64451,-0.11675,-0.0379
2025-04-30 06:01:03,Phase 2,04:01,0.58652,0.56167,0.64451,-0.00024,0
2025-04-30 06:01:04,Phase 2,04:02,0.28721,0.31991,0.21091,0.03716,-0.13976
2025-04-30 06:01:05,Phase 2,04:03,0.28721,0.31991,0.21091,0.00063,0.01103
2025-04-30 06:01:06,Phase 2,04:04,0.28721,0.31991,0.21091,-0.00777,0.00018
2025-04-30 06:01:07,Phase 2,04:05,0.31665,0.3658,0.20196,0.00455,-0.00054
2025-04-30 06:01:08,Phase 2,04:06,0.31665,0.3658,0.20196,0.05758,0.02524
2025-04-30 06:01:09,Phase 2,04:07,0.11539,0.16485,0,0.00206,0.00255
2025-04-30 06:01:10,Phase 2,04:08,0.11539,0.16485,0,0.00429,0.00901
2025-04-30 06:01:11,Phase 2,04:09,0.11539,0.16485,0,-0.07899,-0.0642
2025-04-30 06:01:12,Phase 2,04:10,0.22368,0.27395,0.1064,0.03465,0.00451
2025-04-30 06:01:13,Phase 2,04:11,0.22368,0.27395,0.1064,0.03026,-0.00074
2025-04-30 06:01:14,Phase 2,04:12,0.24652,0.30853,0.10182,-0.03587,-0.0001
2025-04-30 06:01:15,Phase 2,04:13,0.24652,0.30853,0.10182,-0.02855,-0.01412
2025-04-30 06:01:16,Phase 2,04:14,0.24652,0.30853,0.10182,0,0.00092
2025-04-30 06:01:17,Phase 2,04:15,0.24483,0.26321,0.20196,0.02168,0.0308
2025-04-30 06:01:18,Phase 2,04:16,0.24483,0.26321,0.20196,-0.04761,-0.01418
2025-04-30 06:01:19,Phase 2,04:17,0.1064,0.1064,0.1064,-0.01768,-0.00376
2025-04-30 06:01:20,Phase 2,04:18,0.1064,0.1064,0.1064,0.00605,0.00096
2025-04-30 06:01:21,Phase 2,04:19,0.1064,0.1064,0.1064,-0.00514,0
2025-04-30 06:01:22,Phase 2,04:20,0.18425,0.26321,0,0.05775,0
2025-04-30 06:01:23,Phase 2,04:21,0.18425,0.26321,0,0.00407,0
2025-04-30 06:01:24,Phase 2,04:22,0,0,0,0.01796,0.00385
2025-04-30 06:01:25,Phase 2,04:23,0,0,0,-0.02185,-0.00011
2025-04-30 06:01:26,Phase 2,04:24,0,0,0,-0.00228,0.00148
2025-04-30 06:01:27,Phase 2,04:25,0,0,0,-0.0867,0.00645
2025-04-30 06:01:28,Phase 2,04:26,0,0,0,0.00167,0.0007
2025-04-30 06:01:29,Phase 2,04:27,0.17192,0.20196,0.10182,0.00031,0.00165
2025-04-30 06:01:30,Phase 2,04:28,0.17192,0.20196,0.10182,0,0
2025-04-30 06:01:31,Phase 2,04:29,0.17192,0.16485,0.10182,0.08843,-0.01189
2025-04-30 06:01:32,Phase 2,04:30,0.14594,0.16485,0.10182,0,0
2025-04-30 06:01:33,Phase 2,04:31,0.14594,0.16485,0.10182,0.00132,-0.00021
2025-04-30 06:01:34,Phase 2,04:32,0,0,0,0.00378,0.00505
2025-04-30 06:01:36,Phase 2,04:33,0,0,0,0.00119,-0.00819
2025-04-30 06:01:37,Phase 2,04:34,0,0,0,0.00047,-0.00208
2025-04-30 06:01:38,Phase 2,04:35,0,0,0,0.00299,-0.00296
2025-04-30 06:01:39,Phase 2,04:36,0,0,0,-0.04354,0.05958
2025-04-30 06:01:40,Phase 2,04:37,0.205,0.20196,0.21209,-0.03472,0.04009
2025-04-30 06:01:41,Phase 2,04:38,0.205,0.20196,0.21209,0,-0.00086
2025-04-30 06:01:42,Phase 2,04:39,0.205,0.20196,0.21209,-0.02308,0.04437
2025-04-30 06:01:43,Phase 2,04:40,0.2599,0.21091,0.37423,0,0
2025-04-30 06:01:44,Phase 2,04:41,0.2599,0.21091,0.37423,0.03376,-0.0606
2025-04-30 06:01:45,Phase 2,04:42,0.13507,0.1064,0.20196,-0.01647,-0.00115
2025-04-30 06:01:46,Phase 2,04:43,0.13507,0.1064,0.20196,0.12269,-0.05882
2025-04-30 06:01:47,Phase 2,04:44,0.13507,0.1064,0.20196,-0.18622,-0.04311
2025-04-30 06:01:48,Phase 2,04:45,0.45095,0.48744,0.3658,-0.06039,0.01248
2025-04-30 06:01:49,Phase 2,04:46,0.45095,0.48744,0.3658,0.09122,0.03545
2025-04-30 06:01:50,Phase 2,04:47,0.19176,0.27395,0,-0.00259,0.00191
2025-04-30 06:01:51,Phase 2,04:48,0.19176,0.27395,0,0.00463,0.00433
2025-04-30 06:01:52,Phase 2,04:49,0.19176,0.27395,0,-0.00411,-0.00126
2025-04-30 06:01:53,Phase 2,04:50,0.17192,0.20196,0.10182,-0.00266,-0.00161
2025-04-30 06:01:54,Phase 2,04:51,0.17192,0.20196,0.10182,-0.01657,-0.01041
2025-04-30 06:01:55,Phase 2,04:52,0.10182,0.10182,0.10182,-0.05976,-0.03229
2025-04-30 06:01:56,Phase 2,04:53,0.10182,0.10182,0.10182,0.00323,0.00087
2025-04-30 06:01:57,Phase 2,04:54,0,0.10182,0.10182,0.00148,0.00103
2025-04-30 06:01:58,Phase 2,04:55,0,0,0,-0.01819,0.00282
2025-04-30 06:01:59,Phase 2,04:56,0,0,0,0,0
2025-04-30 06:02:00,Phase 2,04:57,0,0,0,-0.0883,-0.00107
2025-04-30 06:02:01,Phase 2,04:58,0,0,0,0.00334,0.00198
2025-04-30 06:02:02,Phase 2,04:59,0,0,0,-0.00299,0.00081
2025-04-30 06:02:03,Phase 2,05:00,0.11539,0.16485,0,2E-05,8E-05
2025-04-30 06:02:04,Phase 2,05:01,0.11539,0.16485,0,0.0187,0.00232
2025-04-30 06:02:05,Phase 2,05:02,0,0,0,-0.00042,0
2025-04-30 06:02:06,Phase 2,05:03,0,0,0,0.01321,0.00057
2025-04-30 06:02:07,Phase 2,05:04,0,0,0,-0.00021,0.0001
2025-04-30 06:02:08,Phase 2,05:05,0.07127,0.10182,0,-0.0056,-0.00282
2025-04-30 06:02:09,Phase 2,05:06,0.07127,0.10182,0,-0.00113,-0.00047
2025-04-30 06:02:10,Phase 2,05:07,0,0,0,0.00119,0.0085
2025-04-30 06:02:11,Phase 2,05:08,0,0,0,0,0.00059
2025-04-30 06:02:12,Phase 2,05:09,0,0,0,-0.02253,0.00528
2025-04-30 06:02:13,Phase 2,05:10,0,0,0,-0.00125,-0.00043
2025-04-30 06:02:14,Phase 2,05:11,0,0,0,-0.02335,-0.00011
2025-04-30 06:02:15,Phase 2,05:12,0,0,0,0.02328,0.11623
2025-04-30 06:02:16,Phase 2,05:13,0,0,0,0.04545,0.00635
2025-04-30 06:02:17,Phase 2,05:14,0,0,0,-0.06083,-0.06542
2025-04-30 06:02:18,Phase 2,05:15,0.52065,0.50907,0.54766,-0.06227,0.0201
2025-04-30 06:02:19,Phase 2,05:16,0.52065,0.50907,0.54766,-0.0014,-0.01965
2025-04-30 06:02:20,Phase 2,05:17,0.42804,0.35384,0.60116,0.03643,-0.01841
2025-04-30 06:02:21,Phase 2,05:18,0.42804,0.35384,0.60116,0,-0.00021
2025-04-30 06:02:22,Phase 2,05:19,0.42804,0.35384,0.60116,0.05835,-0.00578
average,,,,,,,
timestamp,phase,phase_time (mm:ss),entropy_total,entropy_ang,entropy_lin,est_error_ang,est_error_lin
2025-04-30 07:39:29,Phase 2,00:00,0.0,0.0,0.0,0.00969,0.01727
2025-04-30 07:39:30,Phase 2,00:01,0.0,0.0,0.0,0.17043,0.06276
2025-04-30 07:39:31,Phase 2,00:02,0.39486,0.42251,0.33036,-0.02618,0.0
2025-04-30 07:39:32,Phase 2,00:03,0.39486,0.42251,0.33036,0.0931,-0.03235
2025-04-30 07:39:33,Phase 2,00:04,0.19176,0.27395,0.0,-0.00196,0.00011
2025-04-30 07:39:34,Phase 2,00:05,0.19176,0.27395,0.0,-0.08873,0.03151
2025-04-30 07:39:35,Phase 2,00:06,0.19176,0.27395,0.0,-0.05712,0.0
2025-04-30 07:39:36,Phase 2,00:07,0.21479,0.26321,0.10182,0.05719,-0.00811
2025-04-30 07:39:37,Phase 2,00:08,0.21479,0.26321,0.10182,0.00353,0.00051
2025-04-30 07:39:38,Phase 2,00:09,0.14137,0.26321,0.0,0.0,0.0
2025-04-30 07:39:39,Phase 2,00:10,0.14137,0.20196,0.0,-0.00706,0.00065
2025-04-30 07:39:40,Phase 2,00:11,0.14137,0.20196,0.0,0.00049,0.00045
2025-04-30 07:39:41,Phase 2,00:12,0.0,0.0,0.0,0.01096,0.0
2025-04-30 07:39:42,Phase 2,00:13,0.0,0.0,0.0,-0.00394,-1e-05
2025-04-30 07:39:43,Phase 2,00:14,0.0,0.0,0.0,0.0,0.0
2025-04-30 07:39:44,Phase 2,00:15,0.0,0.0,0.0,0.00248,0.0
2025-04-30 07:39:45,Phase 2,00:16,0.0,0.0,0.0,-0.00884,0.00067
2025-04-30 07:39:46,Phase 2,00:17,0.0,0.0,0.0,0.02217,0.0004
2025-04-30 07:39:47,Phase 2,00:18,0.0,0.0,0.0,0.07645,0.00161
2025-04-30 07:39:48,Phase 2,00:19,0.0,0.0,0.0,0.00411,0.00092
2025-04-30 07:39:49,Phase 2,00:20,0.07448,0.1064,0.0,-0.00133,-0.00036
2025-04-30 07:39:50,Phase 2,00:21,0.07448,0.1064,0.0,-0.00023,-0.00083
2025-04-30 07:39:51,Phase 2,00:22,0.0,0.0,0.0,0.0,0.0
2025-04-30 07:39:52,Phase 2,00:23,0.0,0.0,0.0,0.00162,0.00118
2025-04-30 07:39:53,Phase 2,00:24,0.0,0.0,0.0,-0.01217,-0.00202
2025-04-30 07:39:54,Phase 2,00:25,0.07127,0.10182,0.0,0.00215,0.0
2025-04-30 07:39:55,Phase 2,00:26,0.07127,0.10182,0.0,-0.00184,0.0
2025-04-30 07:39:56,Phase 2,00:27,0.0,0.0,0.0,0.01189,-0.00074
2025-04-30 07:39:57,Phase 2,00:28,0.0,0.0,0.0,0.0,0.0
2025-04-30 07:39:58,Phase 2,00:29,0.0,0.0,0.0,0.00644,-0.0021
2025-04-30 07:39:59,Phase 2,00:30,0.0,0.0,0.0,-0.02002,0.00551
2025-04-30 07:40:00,Phase 2,00:31,0.0,0.0,0.0,-0.00197,0.00052
2025-04-30 07:40:01,Phase 2,00:32,0.0,0.0,0.0,0.0,0.0
2025-04-30 07:40:02,Phase 2,00:33,0.0,0.0,0.0,0.03159,-0.00568
2025-04-30 07:40:03,Phase 2,00:34,0.0,0.0,0.0,0.0,0.0
2025-04-30 07:40:04,Phase 2,00:35,0.0,0.0,0.0,-0.00022,-0.00022
2025-04-30 07:40:05,Phase 2,00:36,0.0,0.0,0.0,0.00196,-0.00101
2025-04-30 07:40:06,Phase 2,00:37,0.10182,0.10182,0.10182,0.04153,-0.005
2025-04-30 07:40:07,Phase 2,00:38,0.10182,0.10182,0.10182,-0.00461,-0.00286
2025-04-30 07:40:08,Phase 2,00:39,0.10182,0.10182,0.10182,-0.00566,0.00128
2025-04-30 07:40:10,Phase 2,00:40,0.17192,0.20196,0.10182,-0.0,0.0
2025-04-30 07:40:11,Phase 2,00:41,0.17192,0.20196,0.10182,0.0,0.0
2025-04-30 07:40:12,Phase 2,00:42,0.0,0.0,0.0,-0.00377,0.00177
2025-04-30 07:40:13,Phase 2,00:43,0.0,0.0,0.0,-0.00127,0.0003
2025-04-30 07:40:14,Phase 2,00:44,0.0,0.0,0.0,0.01693,-0.00078
2025-04-30 07:40:15,Phase 2,00:45,0.0,0.0,0.0,0.0,0.0
2025-04-30 07:40:16,Phase 2,00:46,0.0,0.0,0.0,-0.00726,0.0
2025-04-30 07:40:17,Phase 2,00:47,0.0,0.0,0.0,-0.01668,0.00315
2025-04-30 07:40:18,Phase 2,00:48,0.0,0.0,0.0,-0.00347,0.0
2025-04-30 07:40:19,Phase 2,00:49,0.0,0.0,0.0,0.00048,0.00075
2025-04-30 07:40:20,Phase 2,00:50,0.14764,0.21091,0.0,0.01967,-0.00287
2025-04-30 07:40:21,Phase 2,00:51,0.14764,0.21091,0.0,-0.01049,0.0
2025-04-30 07:40:22,Phase 2,00:52,0.07127,0.10182,0.0,-0.00267,0.00078
2025-04-30 07:40:23,Phase 2,00:53,0.07127,0.10182,0.0,0.23021,0.04032
2025-04-30 07:40:24,Phase 2,00:54,0.07127,0.10182,0.0,0.0,0.00027
2025-04-30 07:40:25,Phase 2,00:55,0.19083,0.20196,0.16485,0.18152,0.08471
2025-04-30 07:40:26,Phase 2,00:56,0.19083,0.20196,0.16485,-0.00958,0.01656
2025-04-30 07:40:27,Phase 2,00:57,0.52075,0.54766,0.45795,-0.07807,-0.02069
2025-04-30 07:40:28,Phase 2,00:58,0.52075,0.54766,0.45795,-0.26829,-0.20695
2025-04-30 07:40:29,Phase 2,00:59,0.48189,0.52802,0.37423,-0.01953,-0.0009
2025-04-30 07:40:30,Phase 2,01:00,0.48189,0.52802,0.37423,-0.03485,0.60899
2025-04-30 07:40:31,Phase 2,01:01,0.48189,0.52802,0.37423,0.00181,0.00781
2025-04-30 07:40:32,Phase 2,01:02,0.36496,0.34269,0.41692,0.00105,0.00216
2025-04-30 07:40:33,Phase 2,01:03,0.36496,0.34269,0.41692,-0.01761,-0.00061
2025-04-30 07:40:34,Phase 2,01:04,0.43972,0.46601,0.37839,-0.00071,-0.00066
2025-04-30 07:40:35,Phase 2,01:05,0.43972,0.46601,0.37839,0.05502,0.0244
2025-04-30 07:40:36,Phase 2,01:06,0.43972,0.46601,0.37839,0.07204,0.02785
2025-04-30 07:40:37,Phase 2,01:07,0.21597,0.30853,0.0,0.01724,0.00613
2025-04-30 07:40:38,Phase 2,01:08,0.21597,0.30853,0.0,-0.03739,-0.01214
2025-04-30 07:40:39,Phase 2,01:09,0.14594,0.16485,0.10182,-0.002,0.0
2025-04-30 07:40:40,Phase 2,01:10,0.14594,0.16485,0.10182,0.0,0.00017
2025-04-30 07:40:41,Phase 2,01:11,0.14594,0.16485,0.10182,-0.04125,-0.01533
2025-04-30 07:40:42,Phase 2,01:12,0.07448,0.1064,0.0,-0.03828,-0.00246
2025-04-30 07:40:43,Phase 2,01:13,0.07448,0.1064,0.0,-0.02645,0.0
2025-04-30 07:40:44,Phase 2,01:14,0.07448,0.1064,0.0,-0.00108,0.00323
2025-04-30 07:40:45,Phase 2,01:15,0.11539,0.16485,0.0,0.00879,-0.007
2025-04-30 07:40:46,Phase 2,01:16,0.11539,0.16485,0.0,0.0,0.0
2025-04-30 07:40:47,Phase 2,01:17,0.0,0.0,0.0,-0.01464,0.00234
2025-04-30 07:40:48,Phase 2,01:18,0.0,0.0,0.0,4e-05,0.07481
2025-04-30 07:40:49,Phase 2,01:19,0.32157,0.0,0.4327,-0.00434,-0.00629
2025-04-30 07:40:50,Phase 2,01:20,0.32157,0.27395,0.4327,0.0109,0.00579
2025-04-30 07:40:51,Phase 2,01:21,0.32157,0.27395,0.4327,-0.03108,0.0
2025-04-30 07:40:52,Phase 2,01:22,0.16485,0.16485,0.16485,0.0037,0.0
2025-04-30 07:40:53,Phase 2,01:23,0.16485,0.16485,0.16485,0.0,0.0
2025-04-30 07:40:54,Phase 2,01:24,0.16485,0.16485,0.16485,0.00085,0.0
2025-04-30 07:40:55,Phase 2,01:25,0.0,0.0,0.0,0.0,0.0
2025-04-30 07:40:56,Phase 2,01:26,0.0,0.0,0.0,-0.00044,0.0
2025-04-30 07:40:57,Phase 2,01:27,0.0,0.0,0.0,-0.00435,0.00133
2025-04-30 07:40:58,Phase 2,01:28,0.0,0.0,0.0,-0.01073,0.00112
2025-04-30 07:40:59,Phase 2,01:29,0.0,0.0,0.0,-0.00026,0.00011
2025-04-30 07:41:00,Phase 2,01:30,0.0,0.0,0.0,0.00292,0.01077
2025-04-30 07:41:01,Phase 2,01:31,0.0,0.0,0.0,0.00657,0.00487
2025-04-30 07:41:02,Phase 2,01:32,0.07127,0.10182,0.0,0.0,0.0
2025-04-30 07:41:03,Phase 2,01:33,0.07127,0.10182,0.0,-0.00059,0.00082
2025-04-30 07:41:04,Phase 2,01:34,0.0,0.0,0.0,0.0,0.0
2025-04-30 07:41:05,Phase 2,01:35,0.0,0.0,0.0,0.0,-0.00136
2025-04-30 07:41:07,Phase 2,01:36,0.0,0.0,0.0,0.00307,0.00259
2025-04-30 07:41:08,Phase 2,01:37,0.0,0.0,0.0,0.00015,0.00015
2025-04-30 07:41:09,Phase 2,01:38,0.0,0.0,0.0,0.01919,0.02522
2025-04-30 07:41:10,Phase 2,01:39,0.0,0.0,0.0,0.0192,0.00776
2025-04-30 07:41:11,Phase 2,01:40,0.0,0.0,0.0,-0.09357,-0.01303
2025-04-30 07:41:12,Phase 2,01:41,0.0,0.0,0.0,-0.01751,0.00639
2025-04-30 07:41:13,Phase 2,01:42,0.12003,0.17148,0.0,-0.00833,0.01861
2025-04-30 07:41:14,Phase 2,01:43,0.12003,0.17148,0.0,0.0,0.00051
2025-04-30 07:41:15,Phase 2,01:44,0.12003,0.17148,0.0,-0.00064,0.00032
2025-04-30 07:41:16,Phase 2,01:45,0.0,0.0,0.0,0.0,0.0018
2025-04-30 07:41:17,Phase 2,01:46,0.0,0.0,0.0,0.00199,-0.00931
2025-04-30 07:41:18,Phase 2,01:47,0.0,0.0,0.0,-0.01944,0.00908
2025-04-30 07:41:19,Phase 2,01:48,0.0,0.0,0.0,0.06348,-0.00818
2025-04-30 07:41:20,Phase 2,01:49,0.0,0.1064,0.0,-0.00416,0.0
2025-04-30 07:41:21,Phase 2,01:50,0.1064,0.1064,0.1064,0.07249,0.01838
2025-04-30 07:41:22,Phase 2,01:51,0.1064,0.1064,0.1064,-0.00087,0.00198
2025-04-30 07:41:23,Phase 2,01:52,0.07127,0.10182,0.0,0.00081,0.00178
2025-04-30 07:41:24,Phase 2,01:53,0.07127,0.10182,0.0,0.0,0.0
2025-04-30 07:41:25,Phase 2,01:54,0.07127,0.10182,0.0,-0.0419,-0.00841
2025-04-30 07:41:26,Phase 2,01:55,0.03055,0.0,0.10182,0.00016,0.00016
2025-04-30 07:41:27,Phase 2,01:56,0.03055,0.0,0.10182,-0.00268,-0.00122
2025-04-30 07:41:28,Phase 2,01:57,0.0,0.0,0.0,-0.02964,-0.02435
2025-04-30 07:41:29,Phase 2,01:58,0.0,0.0,0.0,0.02302,0.0
2025-04-30 07:41:30,Phase 2,01:59,0.18425,0.0,0.0,-0.00031,0.00029
2025-04-30 07:41:31,Phase 2,02:00,0.18425,0.26321,0.0,0.00021,-0.00112
2025-04-30 07:41:32,Phase 2,02:01,0.18425,0.26321,0.0,-0.01564,0.01525
2025-04-30 07:41:33,Phase 2,02:02,0.14594,0.16485,0.10182,0.00057,-0.00239
2025-04-30 07:41:34,Phase 2,02:03,0.14594,0.16485,0.10182,-0.00799,0.00246
2025-04-30 07:41:35,Phase 2,02:04,0.14594,0.16485,0.10182,0.0,0.0
2025-04-30 07:41:36,Phase 2,02:05,0.03192,0.0,0.1064,0.0,0.0
2025-04-30 07:41:37,Phase 2,02:06,0.03192,0.0,0.1064,0.0,0.0
2025-04-30 07:41:38,Phase 2,02:07,0.0,0.0,0.0,0.0,0.0
2025-04-30 07:41:39,Phase 2,02:08,0.0,0.0,0.0,0.0006,-0.00041
2025-04-30 07:41:40,Phase 2,02:09,0.0,0.0,0.0,0.0,0.0
2025-04-30 07:41:41,Phase 2,02:10,0.0,0.0,0.0,0.0,0.0
2025-04-30 07:41:42,Phase 2,02:11,0.0,0.0,0.0,0.0,0.0
2025-04-30 07:41:44,Phase 2,02:12,0.0,0.0,0.0,0.0014,-0.01079
2025-04-30 07:41:45,Phase 2,02:13,0.0,0.0,0.0,-0.00378,-0.00139
2025-04-30 07:41:46,Phase 2,02:14,0.0,0.0,0.0,0.01607,0.00038
2025-04-30 07:41:47,Phase 2,02:15,0.0,0.0,0.0,0.03342,0.00851
2025-04-30 07:41:48,Phase 2,02:16,0.0,0.0,0.0,0.0,0.0
2025-04-30 07:41:49,Phase 2,02:17,0.0,0.0,0.0,-0.00154,-0.00023
2025-04-30 07:41:50,Phase 2,02:18,0.0,0.0,0.0,-0.00021,-0.0001
2025-04-30 07:41:51,Phase 2,02:19,0.0,0.0,0.0,0.0,0.0
2025-04-30 07:41:52,Phase 2,02:20,0.0,0.0,0.0,-0.01571,-0.01193
2025-04-30 07:41:53,Phase 2,02:21,0.0,0.0,0.0,-0.0029,-0.00096
2025-04-30 07:41:54,Phase 2,02:22,0.10319,0.10182,0.1064,-0.00076,0.0006
2025-04-30 07:41:55,Phase 2,02:23,0.10319,0.10182,0.1064,-0.00427,0.0
2025-04-30 07:41:56,Phase 2,02:24,0.10319,0.10182,0.1064,-0.02166,0.00167
2025-04-30 07:41:57,Phase 2,02:25,0.07127,0.10182,0.0,-0.00286,0.00044
2025-04-30 07:41:58,Phase 2,02:26,0.07127,0.10182,0.0,0.00241,-0.00207
2025-04-30 07:41:59,Phase 2,02:27,0.0,0.0,0.0,0.02533,-0.0026
2025-04-30 07:42:00,Phase 2,02:28,0.0,0.0,0.0,0.01931,0.00841
2025-04-30 07:42:01,Phase 2,02:29,0.0,0.0,0.0,-0.00021,0.00107
2025-04-30 07:42:02,Phase 2,02:30,0.07448,0.1064,0.0,0.00106,0.00016
2025-04-30 07:42:03,Phase 2,02:31,0.07448,0.1064,0.0,0.00092,0.0005
2025-04-30 07:42:04,Phase 2,02:32,0.0,0.0,0.0,-0.06385,0.01122
2025-04-30 07:42:05,Phase 2,02:33,0.0,0.0,0.0,-0.02341,0.01572
2025-04-30 07:42:06,Phase 2,02:34,0.0,0.0,0.0,0.03709,-0.01968
2025-04-30 07:42:07,Phase 2,02:35,0.0,0.0,0.0,-0.00026,0.00231
2025-04-30 07:42:08,Phase 2,02:36,0.0,0.0,0.0,0.0,0.0
2025-04-30 07:42:09,Phase 2,02:37,0.07127,0.10182,0.0,0.13264,0.02669
2025-04-30 07:42:10,Phase 2,02:38,0.07127,0.10182,0.0,-0.00613,-0.00029
2025-04-30 07:42:11,Phase 2,02:39,0.07127,0.10182,0.0,0.0,0.0
2025-04-30 07:42:12,Phase 2,02:40,0.11539,0.16485,0.0,0.00755,-0.01139
2025-04-30 07:42:13,Phase 2,02:41,0.11539,0.16485,0.0,0.00931,0.0
2025-04-30 07:42:14,Phase 2,02:42,0.07448,0.1064,0.0,-0.00039,0.0
2025-04-30 07:42:15,Phase 2,02:43,0.07448,0.1064,0.0,0.00192,0.0
2025-04-30 07:42:16,Phase 2,02:44,0.07448,0.1064,0.0,0.0,0.0
2025-04-30 07:42:17,Phase 2,02:45,0.0,0.0,0.0,0.0,0.0
2025-04-30 07:42:18,Phase 2,02:46,0.0,0.0,0.0,0.04555,0.0328
2025-04-30 07:42:19,Phase 2,02:47,0.11539,0.16485,0.0,0.0,0.0009
2025-04-30 07:42:20,Phase 2,02:48,0.11539,0.16485,0.0,0.0,0.0
2025-04-30 07:42:21,Phase 2,02:49,0.11539,0.16485,0.0,0.0,0.0
2025-04-30 07:42:22,Phase 2,02:50,0.0,0.0,0.0,0.0557,-0.03261
2025-04-30 07:42:23,Phase 2,02:51,0.0,0.0,0.0,0.20001,-0.22959
2025-04-30 07:42:24,Phase 2,02:52,0.50487,0.50907,0.49506,-0.00276,-0.00692
2025-04-30 07:42:25,Phase 2,02:53,0.50487,0.50907,0.49506,-0.00665,0.01179
2025-04-30 07:42:26,Phase 2,02:54,0.335,0.30853,0.39676,0.2275,0.08724
2025-04-30 07:42:27,Phase 2,02:55,0.335,0.30853,0.39676,-0.05298,-0.0636
2025-04-30 07:42:28,Phase 2,02:56,0.335,0.30853,0.39676,-0.0009,-0.00024
2025-04-30 07:42:29,Phase 2,02:57,0.03192,0.0,0.1064,-0.0077,-0.00205
2025-04-30 07:42:30,Phase 2,02:58,0.03192,0.0,0.1064,0.09734,0.03756
2025-04-30 07:42:31,Phase 2,02:59,0.21479,0.0,0.10182,0.02699,0.00288
2025-04-30 07:42:32,Phase 2,03:00,0.21479,0.26321,0.10182,0.09878,0.00283
2025-04-30 07:42:33,Phase 2,03:01,0.21479,0.26321,0.10182,0.00902,0.00033
2025-04-30 07:42:35,Phase 2,03:02,0.14137,0.20196,0.0,0.04451,-0.02812
2025-04-30 07:42:36,Phase 2,03:03,0.14137,0.20196,0.0,0.00797,-0.00135
2025-04-30 07:42:37,Phase 2,03:04,0.14137,0.20196,0.0,-0.00026,0.00045
2025-04-30 07:42:38,Phase 2,03:05,0.0,0.0,0.0,-0.02686,0.00241
2025-04-30 07:42:39,Phase 2,03:06,0.0,0.0,0.0,0.00045,0.00099
2025-04-30 07:42:40,Phase 2,03:07,0.0,0.0,0.0,0.01934,-0.0052
2025-04-30 07:42:41,Phase 2,03:08,0.0,0.0,0.0,0.0,0.0
2025-04-30 07:42:42,Phase 2,03:09,0.0,0.0,0.0,0.00043,-0.00021
2025-04-30 07:42:43,Phase 2,03:10,0.0,0.0,0.0,0.01747,-0.00381
2025-04-30 07:42:44,Phase 2,03:11,0.0,0.0,0.0,-0.00317,-0.00046
2025-04-30 07:42:45,Phase 2,03:12,0.07448,0.1064,0.0,-0.02026,0.00382
2025-04-30 07:42:46,Phase 2,03:13,0.07448,0.1064,0.0,-0.01066,0.001
2025-04-30 07:42:47,Phase 2,03:14,0.07448,0.1064,0.0,0.00016,-0.00021
2025-04-30 07:42:48,Phase 2,03:15,0.0,0.0,0.0,0.00169,0.00076
2025-04-30 07:42:49,Phase 2,03:16,0.0,0.0,0.0,-0.00613,0.00412
2025-04-30 07:42:50,Phase 2,03:17,0.0,0.0,0.0,0.0,0.0
2025-04-30 07:42:51,Phase 2,03:18,0.0,0.0,0.0,0.0,-0.00167
2025-04-30 07:42:52,Phase 2,03:19,0.0,0.0,0.0,-0.00126,0.0
2025-04-30 07:42:53,Phase 2,03:20,0.0,0.0,0.0,0.00318,-0.00101
2025-04-30 07:42:54,Phase 2,03:21,0.0,0.0,0.0,0.00291,-0.00217
2025-04-30 07:42:55,Phase 2,03:22,0.03055,0.0,0.10182,-0.02084,0.00173
2025-04-30 07:42:56,Phase 2,03:23,0.03055,0.0,0.10182,-0.00067,-0.00042
2025-04-30 07:42:57,Phase 2,03:24,0.03055,0.0,0.10182,0.00512,0.00049
2025-04-30 07:42:58,Phase 2,03:25,0.07127,0.10182,0.0,0.02311,0.00964
2025-04-30 07:42:59,Phase 2,03:26,0.07127,0.10182,0.0,0.00187,0.0
2025-04-30 07:43:00,Phase 2,03:27,0.0,0.0,0.0,-0.00014,0.0
2025-04-30 07:43:01,Phase 2,03:28,0.0,0.0,0.0,-0.003,-0.0017
2025-04-30 07:43:02,Phase 2,03:29,0.0,0.0,0.0,0.00083,0.00054
2025-04-30 07:43:03,Phase 2,03:30,0.0,0.0,0.0,-0.00234,-0.00258
2025-04-30 07:43:04,Phase 2,03:31,0.0,0.0,0.0,0.00522,0.00098
2025-04-30 07:43:05,Phase 2,03:32,0.0,0.0,0.0,0.0,0.0
2025-04-30 07:43:06,Phase 2,03:33,0.0,0.0,0.0,-0.03822,0.0
2025-04-30 07:43:07,Phase 2,03:34,0.0,0.0,0.0,-0.0069,0.0058
2025-04-30 07:43:08,Phase 2,03:35,0.0,0.0,0.0,-0.00135,0.00075
2025-04-30 07:43:09,Phase 2,03:36,0.0,0.0,0.0,-0.0,0.0
2025-04-30 07:43:10,Phase 2,03:37,0.0,0.0,0.0,-0.0,0.0
2025-04-30 07:43:11,Phase 2,03:38,0.0,0.0,0.0,0.03758,-0.00553
2025-04-30 07:43:12,Phase 2,03:39,0.0,0.0,0.0,0.01058,0.00117
2025-04-30 07:43:13,Phase 2,03:40,0.07127,0.10182,0.0,-0.00465,-0.00036
2025-04-30 07:43:14,Phase 2,03:41,0.07127,0.10182,0.0,0.0104,0.00147
2025-04-30 07:43:15,Phase 2,03:42,0.0,0.0,0.0,-0.00065,-0.00041
2025-04-30 07:43:16,Phase 2,03:43,0.0,0.0,0.0,0.00103,1e-05
2025-04-30 07:43:17,Phase 2,03:44,0.0,0.0,0.0,0.0,0.0
2025-04-30 07:43:18,Phase 2,03:45,0.0,0.0,0.0,0.0,-0.00016
2025-04-30 07:43:19,Phase 2,03:46,0.0,0.0,0.0,0.01408,0.00571
2025-04-30 07:43:20,Phase 2,03:47,0.0,0.0,0.0,0.0015,0.00083
2025-04-30 07:43:22,Phase 2,03:48,0.0,0.0,0.0,0.01188,0.0
2025-04-30 07:43:23,Phase 2,03:49,0.0,0.0,0.0,0.0,0.0
timestamp,phase,phase_time (mm:ss),entropy_total,entropy_ang,entropy_lin,est_error_ang,est_error_lin
2025-04-30 08:13:16,Phase 2,00:00,0.0,0.0,0.0,-0.17361,0.01577
2025-04-30 08:13:17,Phase 2,00:01,0.0,0.0,0.0,0.0237,0.0
2025-04-30 08:13:18,Phase 2,00:02,0.10648,0.15211,0.0,-0.00692,-0.00312
2025-04-30 08:13:19,Phase 2,00:03,0.10648,0.15211,0.0,0.00249,0.0
2025-04-30 08:13:20,Phase 2,00:04,0.10648,0.15211,0.0,0.01093,0.0
2025-04-30 08:13:21,Phase 2,00:05,0.07127,0.10182,0.0,0.0,0.0
2025-04-30 08:13:22,Phase 2,00:06,0.07127,0.10182,0.0,0.0,0.0
2025-04-30 08:13:23,Phase 2,00:07,0.0,0.0,0.0,-0.01837,0.0139
2025-04-30 08:13:24,Phase 2,00:08,0.0,0.0,0.0,0.12761,-0.09473
2025-04-30 08:13:25,Phase 2,00:09,0.0,0.0,0.0,-0.07475,-0.01037
2025-04-30 08:13:26,Phase 2,00:10,0.31665,0.3658,0.20196,-0.01667,0.00205
2025-04-30 08:13:27,Phase 2,00:11,0.31665,0.3658,0.20196,-0.03081,0.00431
2025-04-30 08:13:28,Phase 2,00:12,0.14137,0.20196,0.0,0.0,0.0
2025-04-30 08:13:29,Phase 2,00:13,0.14137,0.20196,0.0,0.0,0.0
2025-04-30 08:13:30,Phase 2,00:14,0.14137,0.20196,0.0,0.0,0.0
2025-04-30 08:13:31,Phase 2,00:15,0.0,0.0,0.0,0.0,0.0
2025-04-30 08:13:32,Phase 2,00:16,0.0,0.0,0.0,-4e-05,0.00042
2025-04-30 08:13:33,Phase 2,00:17,0.07127,0.10182,0.0,-0.01105,-0.00065
2025-04-30 08:13:34,Phase 2,00:18,0.07127,0.10182,0.0,0.0,0.0
2025-04-30 08:13:35,Phase 2,00:19,0.07127,0.10182,0.0,0.03214,0.01509
2025-04-30 08:13:36,Phase 2,00:20,0.0,0.0,0.0,-0.00584,-0.00601
2025-04-30 08:13:37,Phase 2,00:21,0.0,0.0,0.0,0.00092,0.00163
2025-04-30 08:13:38,Phase 2,00:22,0.03192,0.0,0.1064,0.01322,0.01062
2025-04-30 08:13:39,Phase 2,00:23,0.03192,0.0,0.1064,0.00979,0.00592
2025-04-30 08:13:40,Phase 2,00:24,0.03192,0.0,0.1064,-0.01271,0.0
2025-04-30 08:13:41,Phase 2,00:25,0.10182,0.10182,0.10182,0.0,0.0
2025-04-30 08:13:42,Phase 2,00:26,0.10182,0.10182,0.10182,0.0,0.0
2025-04-30 08:13:43,Phase 2,00:27,0.0,0.0,0.0,0.0,0.0
2025-04-30 08:13:44,Phase 2,00:28,0.0,0.0,0.0,-0.00771,0.00446
2025-04-30 08:13:45,Phase 2,00:29,0.0,0.0,0.0,0.00067,-0.00038
2025-04-30 08:13:46,Phase 2,00:30,0.07448,0.1064,0.0,-2e-05,-3e-05
2025-04-30 08:13:47,Phase 2,00:31,0.07448,0.1064,0.0,-0.01302,0.01204
2025-04-30 08:13:48,Phase 2,00:32,0.0,0.0,0.0,-0.00405,0.00148
2025-04-30 08:13:49,Phase 2,00:33,0.0,0.0,0.0,0.09081,-0.01485
2025-04-30 08:13:50,Phase 2,00:34,0.0,0.0,0.0,-0.00049,0.00061
2025-04-30 08:13:51,Phase 2,00:35,0.14594,0.16485,0.10182,0.00074,0.00104
2025-04-30 08:13:52,Phase 2,00:36,0.14594,0.16485,0.10182,0.0,0.0
2025-04-30 08:13:53,Phase 2,00:37,0.0,0.0,0.0,0.0,0.0003
2025-04-30 08:13:54,Phase 2,00:38,0.0,0.0,0.0,-0.02056,0.00512
2025-04-30 08:13:55,Phase 2,00:39,0.0,0.0,0.0,-0.00033,1e-05
2025-04-30 08:13:56,Phase 2,00:40,0.0,0.0,0.0,-0.04355,0.0386
2025-04-30 08:13:57,Phase 2,00:41,0.0,0.0,0.0,0.01883,-0.03472
2025-04-30 08:13:58,Phase 2,00:42,0.17192,0.20196,0.10182,-0.02516,0.00233
2025-04-30 08:13:59,Phase 2,00:43,0.17192,0.20196,0.10182,0.0111,-0.00602
2025-04-30 08:14:00,Phase 2,00:44,0.17192,0.20196,0.10182,-0.00229,0.00099
2025-04-30 08:14:02,Phase 2,00:45,0.1064,0.1064,0.1064,0.00044,0.00015
2025-04-30 08:14:03,Phase 2,00:46,0.1064,0.1064,0.1064,0.01816,0.01192
2025-04-30 08:14:04,Phase 2,00:47,0.2735,0.30032,0.21091,-0.08876,-0.02126
2025-04-30 08:14:05,Phase 2,00:48,0.2735,0.30032,0.21091,0.00033,0.00014
2025-04-30 08:14:06,Phase 2,00:49,0.2735,0.30032,0.21091,0.0,-0.00011
2025-04-30 08:14:07,Phase 2,00:50,0.11539,0.16485,0.0,-0.00403,-0.00349
2025-04-30 08:14:08,Phase 2,00:51,0.11539,0.16485,0.0,0.12478,-0.06048
2025-04-30 08:14:09,Phase 2,00:52,0.40333,0.4327,0.3348,-0.00906,-0.03605
2025-04-30 08:14:10,Phase 2,00:53,0.40333,0.4327,0.3348,0.0,0.09058
2025-04-30 08:14:11,Phase 2,00:54,0.40333,0.4327,0.3348,0.17556,0.08395
2025-04-30 08:14:12,Phase 2,00:55,0.28296,0.20196,0.47196,-0.09401,-0.02833
2025-04-30 08:14:13,Phase 2,00:56,0.28296,0.20196,0.47196,0.01894,-0.00623
2025-04-30 08:14:14,Phase 2,00:57,0.3991,0.35965,0.49115,-0.03738,-0.001
2025-04-30 08:14:15,Phase 2,00:58,0.3991,0.35965,0.49115,-0.03569,0.00617
2025-04-30 08:14:16,Phase 2,00:59,0.25504,0.27395,0.21091,-0.02132,-0.00987
2025-04-30 08:14:17,Phase 2,01:00,0.25504,0.27395,0.21091,-0.00584,0.01165
2025-04-30 08:14:18,Phase 2,01:01,0.25504,0.27395,0.21091,0.00014,-5e-05
2025-04-30 08:14:19,Phase 2,01:02,0.14594,0.16485,0.10182,0.00141,0.00549
2025-04-30 08:14:20,Phase 2,01:03,0.14594,0.16485,0.10182,-0.0079,-0.00296
2025-04-30 08:14:21,Phase 2,01:04,0.14594,0.16485,0.10182,0.00239,0.0
2025-04-30 08:14:22,Phase 2,01:05,0.11539,0.16485,0.0,-0.01102,-0.00545
2025-04-30 08:14:23,Phase 2,01:06,0.11539,0.16485,0.0,0.09112,0.04604
2025-04-30 08:14:24,Phase 2,01:07,0.15195,0.17148,0.1064,-0.00224,-0.01252
2025-04-30 08:14:25,Phase 2,01:08,0.15195,0.17148,0.1064,0.05589,0.04129
2025-04-30 08:14:26,Phase 2,01:09,0.15195,0.17148,0.1064,-0.00111,-0.0083
2025-04-30 08:14:27,Phase 2,01:10,0.12073,0.10182,0.16485,-0.00126,0.00144
2025-04-30 08:14:28,Phase 2,01:11,0.12073,0.10182,0.16485,-0.04151,0.00312
2025-04-30 08:14:29,Phase 2,01:12,0.11539,0.16485,0.0,-0.01118,-0.01258
2025-04-30 08:14:30,Phase 2,01:13,0.11539,0.16485,0.0,0.05852,-0.00014
2025-04-30 08:14:31,Phase 2,01:14,0.11539,0.16485,0.0,-0.0161,-0.00485
2025-04-30 08:14:32,Phase 2,01:15,0.07448,0.1064,0.0,0.0,0.0
2025-04-30 08:14:33,Phase 2,01:16,0.07448,0.1064,0.0,0.0,0.0
2025-04-30 08:14:34,Phase 2,01:17,0.0,0.0,0.0,-0.00633,0.0
2025-04-30 08:14:35,Phase 2,01:18,0.0,0.0,0.0,0.0,0.0
2025-04-30 08:14:36,Phase 2,01:19,0.0,0.0,0.0,0.00384,0.00198
2025-04-30 08:14:37,Phase 2,01:20,0.0,0.0,0.0,-0.01339,0.00244
2025-04-30 08:14:38,Phase 2,01:21,0.0,0.0,0.0,0.00824,-0.00058
2025-04-30 08:14:39,Phase 2,01:22,0.0,0.0,0.0,0.00278,0.00369
2025-04-30 08:14:40,Phase 2,01:23,0.0,0.0,0.0,-0.00153,0.0
2025-04-30 08:14:41,Phase 2,01:24,0.0,0.0,0.0,-0.00255,0.0
2025-04-30 08:14:42,Phase 2,01:25,0.07127,0.10182,0.0,-0.06264,0.0
2025-04-30 08:14:43,Phase 2,01:26,0.07127,0.10182,0.0,-0.00655,0.0
2025-04-30 08:14:44,Phase 2,01:27,0.14137,0.20196,0.0,0.0,0.0
2025-04-30 08:14:45,Phase 2,01:28,0.14137,0.20196,0.0,0.00019,0.0
2025-04-30 08:14:46,Phase 2,01:29,0.14137,0.20196,0.0,-0.00684,0.00189
2025-04-30 08:14:47,Phase 2,01:30,0.0,0.0,0.0,0.01357,-0.00231
2025-04-30 08:14:49,Phase 2,01:31,0.0,0.0,0.0,0.00028,0.0
2025-04-30 08:14:50,Phase 2,01:32,0.0,0.0,0.0,-0.00867,0.00101
2025-04-30 08:14:51,Phase 2,01:33,0.0,0.0,0.0,-0.00041,-0.00012
2025-04-30 08:14:52,Phase 2,01:34,0.0,0.0,0.0,0.0,0.0
2025-04-30 08:14:53,Phase 2,01:35,0.0,0.0,0.0,-0.02584,-0.02022
2025-04-30 08:14:54,Phase 2,01:36,0.0,0.0,0.0,-0.00951,-0.01781
2025-04-30 08:14:55,Phase 2,01:37,0.0,0.0,0.0,0.00107,2e-05
2025-04-30 08:14:56,Phase 2,01:38,0.0,0.0,0.0,0.05391,0.0551
2025-04-30 08:14:57,Phase 2,01:39,0.0,0.0,0.0,0.01139,0.01009
2025-04-30 08:14:58,Phase 2,01:40,0.22356,0.20196,0.27395,0.00098,-0.00013
2025-04-30 08:14:59,Phase 2,01:41,0.22356,0.20196,0.27395,-0.00369,-0.01719
2025-04-30 08:15:00,Phase 2,01:42,0.0,0.0,0.0,0.00813,0.00995
2025-04-30 08:15:01,Phase 2,01:43,0.0,0.0,0.0,0.01434,0.0116
2025-04-30 08:15:02,Phase 2,01:44,0.1064,0.1064,0.1064,-0.1611,-0.03771
2025-04-30 08:15:03,Phase 2,01:45,0.1064,0.1064,0.1064,-0.04572,0.03519
2025-04-30 08:15:04,Phase 2,01:46,0.1064,0.1064,0.1064,-0.00255,0.00581
2025-04-30 08:15:05,Phase 2,01:47,0.20196,0.20196,0.20196,0.0,-0.00032
2025-04-30 08:15:06,Phase 2,01:48,0.20196,0.20196,0.20196,0.0,-0.00031
2025-04-30 08:15:07,Phase 2,01:49,0.20196,0.20196,0.20196,0.08846,-0.07188
2025-04-30 08:15:08,Phase 2,01:50,0.10182,0.10182,0.10182,0.21623,0.03594
2025-04-30 08:15:09,Phase 2,01:51,0.10182,0.10182,0.10182,0.00111,0.0001
2025-04-30 08:15:10,Phase 2,01:52,0.52309,0.52802,0.51157,-0.01407,-0.00934
2025-04-30 08:15:11,Phase 2,01:53,0.52309,0.52802,0.51157,-0.01649,0.02036
2025-04-30 08:15:12,Phase 2,01:54,0.52309,0.52802,0.51157,-0.00321,0.0054
2025-04-30 08:15:13,Phase 2,01:55,0.13186,0.10182,0.20196,0.00094,-0.00046
2025-04-30 08:15:14,Phase 2,01:56,0.13186,0.10182,0.20196,-0.00077,-0.00146
2025-04-30 08:15:15,Phase 2,01:57,0.32387,0.30853,0.35965,-0.03935,0.0043
2025-04-30 08:15:16,Phase 2,01:58,0.32387,0.30853,0.35965,0.00298,0.00085
2025-04-30 08:15:17,Phase 2,01:59,0.12003,0.30853,0.0,-0.029,-0.01375
2025-04-30 08:15:18,Phase 2,02:00,0.12003,0.17148,0.0,0.08862,0.02916
2025-04-30 08:15:19,Phase 2,02:01,0.12003,0.17148,0.0,-0.00093,0.00042
2025-04-30 08:15:20,Phase 2,02:02,0.07127,0.10182,0.0,0.00176,0.00211
2025-04-30 08:15:21,Phase 2,02:03,0.07127,0.10182,0.0,0.0,-0.00032
2025-04-30 08:15:22,Phase 2,02:04,0.0,0.0,0.0,0.00224,-0.00182
2025-04-30 08:15:23,Phase 2,02:05,0.0,0.0,0.0,-0.0013,-0.00106
2025-04-30 08:15:24,Phase 2,02:06,0.0,0.0,0.0,-0.00174,-0.00519
2025-04-30 08:15:25,Phase 2,02:07,0.03192,0.0,0.1064,-0.00014,0.0
2025-04-30 08:15:26,Phase 2,02:08,0.03192,0.0,0.1064,-0.01789,-0.00616
2025-04-30 08:15:27,Phase 2,02:09,0.03192,0.0,0.1064,-0.01748,0.0
2025-04-30 08:15:28,Phase 2,02:10,0.0,0.0,0.0,0.0,0.0
2025-04-30 08:15:29,Phase 2,02:11,0.0,0.0,0.0,-0.02009,0.0059
2025-04-30 08:15:30,Phase 2,02:12,0.0,0.0,0.0,0.01031,-0.01153
2025-04-30 08:15:31,Phase 2,02:13,0.0,0.0,0.0,-0.00054,-0.00748
2025-04-30 08:15:33,Phase 2,02:14,0.1064,0.1064,0.0,-0.00042,0.0
2025-04-30 08:15:34,Phase 2,02:15,0.1064,0.1064,0.1064,0.0,0.0
2025-04-30 08:15:35,Phase 2,02:16,0.1064,0.1064,0.1064,0.00578,-0.00457
2025-04-30 08:15:36,Phase 2,02:17,0.0,0.0,0.0,0.0,0.0
2025-04-30 08:15:37,Phase 2,02:18,0.0,0.0,0.0,0.0,0.0
2025-04-30 08:15:38,Phase 2,02:19,0.0,0.0,0.0,-0.03061,0.02395
2025-04-30 08:15:39,Phase 2,02:20,0.10182,0.10182,0.10182,-0.02832,0.02965
2025-04-30 08:15:40,Phase 2,02:21,0.10182,0.10182,0.10182,0.00877,0.00215
2025-04-30 08:15:41,Phase 2,02:22,0.17956,0.21091,0.1064,0.0003,-0.00011
2025-04-30 08:15:42,Phase 2,02:23,0.17956,0.21091,0.1064,0.02117,-0.00337
2025-04-30 08:15:43,Phase 2,02:24,0.17956,0.21091,0.1064,0.03882,0.0043
2025-04-30 08:15:44,Phase 2,02:25,0.0,0.0,0.0,0.00478,0.00218
2025-04-30 08:15:45,Phase 2,02:26,0.0,0.0,0.0,-0.00449,-0.00371
2025-04-30 08:15:46,Phase 2,02:27,0.0,0.0,0.0,0.0,0.0
2025-04-30 08:15:47,Phase 2,02:28,0.0,0.0,0.0,0.0,0.0
2025-04-30 08:15:48,Phase 2,02:29,0.0,0.0,0.0,0.00012,0.00016
2025-04-30 08:15:49,Phase 2,02:30,0.0,0.0,0.0,0.00068,0.00015
2025-04-30 08:15:50,Phase 2,02:31,0.0,0.0,0.0,0.04549,0.00124
2025-04-30 08:15:51,Phase 2,02:32,0.07127,0.10182,0.0,-0.02455,-0.00733
2025-04-30 08:15:52,Phase 2,02:33,0.07127,0.10182,0.0,0.00201,-0.00109
2025-04-30 08:15:53,Phase 2,02:34,0.07127,0.10182,0.0,0.0,0.0
2025-04-30 08:15:54,Phase 2,02:35,0.14137,0.20196,0.0,0.00337,-0.00523
2025-04-30 08:15:55,Phase 2,02:36,0.14137,0.20196,0.0,-0.00486,0.0004
2025-04-30 08:15:56,Phase 2,02:37,0.0,0.0,0.0,0.01671,0.00867
2025-04-30 08:15:57,Phase 2,02:38,0.0,0.0,0.0,0.00345,0.00483
2025-04-30 08:15:58,Phase 2,02:39,0.0,0.0,0.0,-0.00571,0.00015
2025-04-30 08:15:59,Phase 2,02:40,0.11539,0.16485,0.0,-0.00859,-0.00497
2025-04-30 08:16:00,Phase 2,02:41,0.11539,0.16485,0.0,-0.00823,0.00047
2025-04-30 08:16:01,Phase 2,02:42,0.17901,0.21209,0.10182,0.00085,-0.00273
2025-04-30 08:16:02,Phase 2,02:43,0.17901,0.21209,0.10182,0.01437,-0.00146
2025-04-30 08:16:03,Phase 2,02:44,0.17901,0.21209,0.10182,0.00157,-0.0024
2025-04-30 08:16:04,Phase 2,02:45,0.0,0.0,0.0,0.00489,-0.00045
2025-04-30 08:16:05,Phase 2,02:46,0.0,0.0,0.0,0.05018,-0.00877
2025-04-30 08:16:06,Phase 2,02:47,0.17192,0.20196,0.10182,-0.06183,-0.03196
2025-04-30 08:16:07,Phase 2,02:48,0.17192,0.20196,0.10182,0.0011,0.00031
2025-04-30 08:16:08,Phase 2,02:49,0.17192,0.20196,0.10182,-0.17524,-0.09127
2025-04-30 08:16:09,Phase 2,02:50,0.10182,0.10182,0.10182,0.01617,-0.0026
2025-04-30 08:16:10,Phase 2,02:51,0.10182,0.10182,0.10182,0.01325,-0.00146
2025-04-30 08:16:11,Phase 2,02:52,0.07448,0.1064,0.0,0.0,0.0
2025-04-30 08:16:12,Phase 2,02:53,0.07448,0.1064,0.0,0.0,0.0
2025-04-30 08:16:14,Phase 2,02:54,0.07448,0.1064,0.0,0.03719,-0.00094
2025-04-30 08:16:15,Phase 2,02:55,0.0,0.0,0.0,0.04725,0.01208
2025-04-30 08:16:16,Phase 2,02:56,0.0,0.0,0.0,0.01015,0.01156
2025-04-30 08:16:17,Phase 2,02:57,0.0,0.0,0.0,0.00183,0.00187
2025-04-30 08:16:18,Phase 2,02:58,0.0,0.0,0.0,-0.00073,0.00223
2025-04-30 08:16:19,Phase 2,02:59,0.0,0.0,0.0,0.00029,0.0
2025-04-30 08:16:20,Phase 2,03:00,0.0,0.0,0.0,0.00014,0.00015
2025-04-30 08:16:21,Phase 2,03:01,0.0,0.0,0.0,0.0,0.0
2025-04-30 08:16:22,Phase 2,03:02,0.0,0.0,0.0,-0.0012,-0.00142
2025-04-30 08:16:23,Phase 2,03:03,0.0,0.0,0.0,0.0,0.0
2025-04-30 08:16:24,Phase 2,03:04,0.0,0.0,0.0,-0.0096,-0.00421
2025-04-30 08:16:25,Phase 2,03:05,0.0,0.0,0.0,-0.00071,0.00015
2025-04-30 08:16:26,Phase 2,03:06,0.0,0.0,0.0,0.0,0.0
2025-04-30 08:16:27,Phase 2,03:07,0.0,0.0,0.0,-0.02808,0.00036
2025-04-30 08:16:28,Phase 2,03:08,0.0,0.0,0.0,0.0,0.0
2025-04-30 08:16:29,Phase 2,03:09,0.0,0.0,0.0,0.0,0.0
2025-04-30 08:16:30,Phase 2,03:10,0.0,0.0,0.0,-0.02972,0.00366
2025-04-30 08:16:31,Phase 2,03:11,0.0,0.0,0.0,-0.00014,-0.00032
2025-04-30 08:16:32,Phase 2,03:12,0.0,0.0,0.0,0.00044,0.0
2025-04-30 08:16:33,Phase 2,03:13,0.0,0.0,0.0,-0.00091,-0.00038
2025-04-30 08:16:34,Phase 2,03:14,0.0,0.0,0.0,0.0,0.0
2025-04-30 08:16:35,Phase 2,03:15,0.0,0.0,0.0,0.00061,-0.00011
2025-04-30 08:16:36,Phase 2,03:16,0.0,0.0,0.0,0.00014,0.0
2025-04-30 08:16:37,Phase 2,03:17,0.13775,0.1064,0.21091,0.00111,-0.00542
2025-04-30 08:16:38,Phase 2,03:18,0.13775,0.1064,0.21091,-0.06898,0.01421
2025-04-30 08:16:39,Phase 2,03:19,0.13775,0.1064,0.21091,0.04084,-0.0339
2025-04-30 08:16:40,Phase 2,03:20,0.2337,0.26321,0.16485,0.07116,-0.01537
2025-04-30 08:16:41,Phase 2,03:21,0.2337,0.26321,0.16485,0.0,0.0
2025-04-30 08:16:42,Phase 2,03:22,0.07448,0.1064,0.0,0.01111,0.01107
2025-04-30 08:16:43,Phase 2,03:23,0.07448,0.1064,0.0,0.0,-0.00065
2025-04-30 08:16:44,Phase 2,03:24,0.07448,0.1064,0.0,0.0,0.00015
2025-04-30 08:16:45,Phase 2,03:25,0.07127,0.10182,0.0,0.0,0.0
2025-04-30 08:16:46,Phase 2,03:26,0.07127,0.10182,0.0,0.0,0.00146
2025-04-30 08:16:47,Phase 2,03:27,0.0,0.0,0.0,0.0032,-0.00612
2025-04-30 08:16:48,Phase 2,03:28,0.0,0.0,0.0,0.0,0.0
2025-04-30 08:16:49,Phase 2,03:29,0.0,0.0,0.0,0.0,0.0
2025-04-30 08:16:50,Phase 2,03:30,0.0,0.0,0.0,0.0,0.0
2025-04-30 08:16:51,Phase 2,03:31,0.0,0.0,0.0,-0.00021,0.0
2025-04-30 08:16:52,Phase 2,03:32,0.10182,0.10182,0.10182,-0.005,0.00072
2025-04-30 08:16:53,Phase 2,03:33,0.10182,0.10182,0.10182,-0.00819,-0.01198
2025-04-30 08:16:54,Phase 2,03:34,0.10182,0.10182,0.10182,0.0,0.0
2025-04-30 08:16:55,Phase 2,03:35,0.28637,0.32254,0.20196,0.00279,0.00639
2025-04-30 08:16:56,Phase 2,03:36,0.28637,0.32254,0.20196,-0.00042,-0.00031
2025-04-30 08:16:57,Phase 2,03:37,0.0,0.0,0.0,-0.00275,-0.00256
2025-04-30 08:16:58,Phase 2,03:38,0.0,0.0,0.0,-0.00458,-0.00077
2025-04-30 08:17:00,Phase 2,03:39,0.0,0.0,0.0,0.0,0.0
2025-04-30 08:17:01,Phase 2,03:40,0.0,0.0,0.0,0.00021,-0.00058
2025-04-30 08:17:02,Phase 2,03:41,0.0,0.0,0.0,-0.00765,-0.00463
2025-04-30 08:17:03,Phase 2,03:42,0.0,0.0,0.0,-0.08019,-0.00405
2025-04-30 08:17:04,Phase 2,03:43,0.0,0.0,0.0,0.01267,-0.00086
2025-04-30 08:17:05,Phase 2,03:44,0.0,0.0,0.0,0.00034,0.0
2025-04-30 08:17:06,Phase 2,03:45,0.07448,0.1064,0.0,-0.00633,0.0014
2025-04-30 08:17:07,Phase 2,03:46,0.07448,0.1064,0.0,0.00798,-0.00391
2025-04-30 08:17:08,Phase 2,03:47,0.0,0.0,0.0,0.04626,-0.00669
2025-04-30 08:17:09,Phase 2,03:48,0.0,0.0,0.0,0.14416,-0.04922
2025-04-30 08:17:10,Phase 2,03:49,0.0,0.0,0.0,0.00209,0.00068
2025-04-30 08:17:11,Phase 2,03:50,0.24483,0.26321,0.20196,0.0,0.0
2025-04-30 08:17:12,Phase 2,03:51,0.24483,0.26321,0.20196,0.0051,0.00197
2025-04-30 08:17:13,Phase 2,03:52,0.0,0.0,0.0,0.02628,0.02078
2025-04-30 08:17:14,Phase 2,03:53,0.0,0.0,0.0,-0.00148,-0.00117
2025-04-30 08:17:15,Phase 2,03:54,0.0,0.0,0.0,-0.00198,-0.00065
2025-04-30 08:17:16,Phase 2,03:55,0.20196,0.20196,0.20196,-0.01425,-0.00652
2025-04-30 08:17:17,Phase 2,03:56,0.20196,0.20196,0.20196,0.00433,0.0003
2025-04-30 08:17:18,Phase 2,03:57,0.0,0.0,0.0,-0.00217,-0.00044
2025-04-30 08:17:19,Phase 2,03:58,0.0,0.0,0.0,0.0,0.0
timestamp,phase,phase_time (mm:ss),entropy_total,entropy_ang,entropy_lin,est_error_ang,est_error_lin
timestamp,phase,phase_time (mm:ss),entropy_total,entropy_ang,entropy_lin,est_error_ang,est_error_lin
timestamp,phase,phase_time (mm:ss),entropy_total,entropy_ang,entropy_lin,est_error_ang,est_error_lin
timestamp,phase,phase_time (mm:ss),entropy_total,entropy_ang,entropy_lin,est_error_ang,est_error_lin
2025-05-06 04:09:38,Phase 2,00:00,0.13865,0.13865,0.13865,-0.00751,0.00133
2025-05-06 04:09:39,Phase 2,00:01,0.13865,0.13865,0.13865,0.0,0.0
2025-05-06 04:09:40,Phase 2,00:02,0.13865,0.13865,0.13865,-0.0257,0.00125
2025-05-06 04:09:41,Phase 2,00:03,0.0,0.0,0.0,0.0,0.0
2025-05-06 04:09:42,Phase 2,00:04,0.0,0.0,0.0,0.0,0.0
2025-05-06 04:09:43,Phase 2,00:05,0.03055,0.0,0.10182,-0.00028,0.00088
2025-05-06 04:09:44,Phase 2,00:06,0.03055,0.0,0.10182,0.24849,0.0
2025-05-06 04:09:45,Phase 2,00:07,0.03055,0.0,0.10182,-0.0,-0.00295
2025-05-06 04:09:46,Phase 2,00:08,0.35243,0.41692,0.20196,0.0,0.0
2025-05-06 04:09:47,Phase 2,00:09,0.35243,0.41692,0.20196,0.0,0.0
2025-05-06 04:09:48,Phase 2,00:10,0.21937,0.31338,0.0,-0.00886,-0.07331
2025-05-06 04:09:49,Phase 2,00:11,0.21937,0.31338,0.0,-0.01485,0.0
2025-05-06 04:09:50,Phase 2,00:12,0.15024,0.31338,0.26321,0.0,0.0
2025-05-06 04:09:51,Phase 2,00:13,0.15024,0.10182,0.26321,-0.00288,0.0
2025-05-06 04:09:52,Phase 2,00:14,0.15024,0.10182,0.26321,0.17579,-0.06453
2025-05-06 04:09:53,Phase 2,00:15,0.15024,0.10182,0.26321,-0.0632,-0.07093
2025-05-06 04:09:54,Phase 2,00:16,0.15024,0.10182,0.26321,-0.00845,0.00952
2025-05-06 04:09:55,Phase 2,00:17,0.15024,0.10182,0.26321,0.00476,-0.00556
2025-05-06 04:09:56,Phase 2,00:18,0.33388,0.27395,0.47371,-0.00073,-0.00741
2025-05-06 04:09:57,Phase 2,00:19,0.33388,0.27395,0.47371,0.08694,0.01011
2025-05-06 04:09:58,Phase 2,00:20,0.10182,0.10182,0.10182,-0.48497,0.07218
2025-05-06 04:09:59,Phase 2,00:21,0.10182,0.10182,0.10182,0.0,0.0
2025-05-06 04:10:00,Phase 2,00:22,0.10182,0.10182,0.10182,-0.00397,0.0
